{
    "frame0": 0.6440142580035354,
    "frame3": 0.6913761297392658,
    "frame6": 0.8416092293095153,
    "frame9": 0,
    "frame12": 0,
    "frame15": 0,
    "frame18": 0.8132951484558475,
    "frame21": 0.7914923369791751,
    "frame24": 0,
    "frame27": 0,
    "frame30": 0.48112993889638395,
    "frame33": 0.6948206233160918,
    "frame36": 0.7592532705323929,
    "frame39": 0.6078279179439414,
    "frame42": 0.509244121757501,
    "frame45": 0.5926069965850189,
    "frame48": 0.8814931797212922,
    "frame51": 0.664901118549841,
    "frame54": 0.43667560745688044,
    "frame57": 0,
    "frame60": 0.40647065721452236,
    "frame63": 0.44501629744190724,
    "frame66": 0,
    "frame69": 0,
    "frame72": 0,
    "frame75": 0,
    "frame78": 0,
    "frame81": 0.5054554620491607,
    "frame84": 0,
    "frame87": 0,
    "frame90": 0,
    "frame93": 0.658444389624818,
    "frame96": 0.5539519766803584,
    "frame99": 0.5016078352928162,
    "frame102": 0.45192517965657036,
    "frame105": 0.5573316501612214,
    "frame108": 0.5840721567915955,
    "frame111": 0.5576743058512135,
    "frame114": 0.584721733871114,
    "frame117": 0.5298334876647504,
    "frame120": 0.5385669914384683,
    "frame123": 0.6298615518233278,
    "frame126": 0.5904283409547377,
    "frame129": 0.6355088019295413,
    "frame132": 0,
    "frame135": 0.6829474011428553,
    "frame138": 0.6632931826340341,
    "frame141": 0.6013008602679132,
    "frame144": 0.633358338402756,
    "frame147": 0.681002610513831,
    "frame150": 0.6767332591084012,
    "frame153": 0.667214340879518,
    "frame156": 0.6159088544302675,
    "frame159": 0.6153299617551174,
    "frame162": 0.6526093392020423,
    "frame165": 0.6407885464202714,
    "frame168": 0.6033539970953848,
    "frame171": 0.5186358249205866,
    "frame174": 0.616105715370742,
    "frame177": 0.623716372354341,
    "frame180": 0.625049464837507,
    "frame183": 0.6194263825977276,
    "frame186": 0.5723173929723558,
    "frame189": 0.5917692742997758,
    "frame192": 0.5949310822732858,
    "frame195": 0.6113099690480113,
    "frame198": 0.5855816733745576,
    "frame201": 0.6519063945774444,
    "frame204": 0.6471517881568188,
    "frame207": 0.6185075413129326,
    "frame210": 0.6024281899911696,
    "frame213": 0.6180431294655472,
    "frame216": 0.6876418992340957,
    "frame219": 0.6823255157869152,
    "frame222": 0.6287622561804105,
    "frame225": 0.6265400895592377,
    "frame228": 0.6409087523666989,
    "frame231": 0.5866421186467631,
    "frame234": 0.555382910368295,
    "frame237": 0.5673547105433395,
    "frame240": 0.5477651712538182,
    "frame243": 0.6482163577713479,
    "frame246": 0.6523320035914311,
    "frame249": 0.6223848302270183,
    "frame252": 0.6264103795360398,
    "frame255": 0.6631563926467196,
    "frame258": 0.7384006700371717,
    "frame261": 0.6905722796905782,
    "frame264": 0.636740654558137,
    "frame267": 0.5963389106959254,
    "frame270": 0.6539954603988916,
    "frame273": 0.6283967226053306,
    "frame276": 0.6107003990654319,
    "frame279": 0.6142787558002969,
    "frame282": 0.6425810307265754,
    "frame285": 0.6583718719351919,
    "frame288": 0.6944920000816839,
    "frame291": 0.6137897725715431,
    "frame294": 0.5648910808079843,
    "frame297": 0.6817657679441365,
    "frame300": 0.669953088489331,
    "frame303": 0.625528228698791,
    "frame306": 0.5791702505185707,
    "frame309": 0.6374284686981874,
    "frame312": 0.7058709022950083,
    "frame315": 0.6979897872180271,
    "frame318": 0.612633980095908,
    "frame321": 0.6178752828289776,
    "frame324": 0.7903777228073159,
    "frame327": 0.728482599035241,
    "frame330": 0.6837387854182357,
    "frame333": 0.6175564133578324,
    "frame336": 0.7148861174917468,
    "frame339": 0.6917659974403316,
    "frame342": 0.6595512959702402,
    "frame345": 0.6550904182821534,
    "frame348": 0.6949761879092635,
    "frame351": 0.5323704686132201,
    "frame354": 0.5555381639436017,
    "frame357": 0.5869859003547838,
    "frame360": 0.6141438575181247,
    "frame363": 0.6883152362092184,
    "frame366": 0.5790041030644129,
    "frame369": 0.6332462556765085,
    "frame372": 0.3536548215664328,
    "frame375": 0.21141854319588443,
    "Average Iou": 0.5465874859081459
}