{
    "frame0": 0,
    "frame1": 0,
    "frame2": 0,
    "frame3": 0,
    "frame4": 0,
    "frame5": 0,
    "frame6": 0,
    "frame7": 0,
    "frame8": 0,
    "frame9": 0,
    "frame10": 0,
    "frame11": 0,
    "frame12": 0,
    "frame13": 0,
    "frame14": 0,
    "frame15": 0,
    "frame16": 0,
    "frame17": 0,
    "frame18": 0.5540547095262195,
    "frame19": 0.5112634760166117,
    "frame20": 0.528243661662202,
    "frame21": 0.5358708966446447,
    "frame22": 0,
    "frame23": 0,
    "frame24": 0,
    "frame25": 0,
    "frame26": 0,
    "frame27": 0,
    "frame28": 0,
    "frame29": 0,
    "frame30": 0.31023555001021386,
    "frame31": 0.3793360906066718,
    "frame32": 0.40509433558555663,
    "frame33": 0,
    "frame34": 0.6523490871116818,
    "frame35": 0.8328967002912434,
    "frame36": 0.8707781941963784,
    "frame37": 0.8339342338670461,
    "frame38": 0.7636200585073563,
    "frame39": 0.70154556178849,
    "frame40": 0,
    "frame41": 0.48289311923900574,
    "frame42": 0.38990970640932454,
    "frame43": 0.4811197614504231,
    "frame44": 0.39126499661284947,
    "frame45": 0.4957151002942942,
    "frame46": 0.612661600328008,
    "frame47": 0.8492327000459142,
    "frame48": 0.84113693121674,
    "frame49": 0.8541630498927356,
    "frame50": 0.7238479115855844,
    "frame51": 0.7670320965734349,
    "frame52": 0.6210137860254472,
    "frame53": 0.5812930828985325,
    "frame54": 0.516391462231634,
    "frame55": 0.48675871947232413,
    "frame56": 0,
    "frame57": 0.47975713160810884,
    "frame58": 0,
    "frame59": 0.44296524898857675,
    "frame60": 0.49491470189241227,
    "frame61": 0.49402130743547396,
    "frame62": 0.5851035412203055,
    "frame63": 0.5104693407355808,
    "frame64": 0.6689522492523129,
    "frame65": 0.630380174624356,
    "frame66": 0.5486471047599483,
    "frame67": 0.5231564072159998,
    "frame68": 0,
    "frame69": 0,
    "frame70": 0.5015349466080079,
    "frame71": 0.5534111360390671,
    "frame72": 0.6147335644010491,
    "frame73": 0.6783789536232665,
    "frame74": 0.7145876084672691,
    "frame75": 0.7425467060219441,
    "frame76": 0,
    "frame77": 0.6992142508282403,
    "frame78": 0.6793860930607696,
    "frame79": 0.6572769800037859,
    "frame80": 0.6001859058251782,
    "frame81": 0.5701335943546616,
    "frame82": 0.5665689919953502,
    "frame83": 0.49544966604652163,
    "frame84": 0.49018619254081275,
    "frame85": 0.5384895777248818,
    "frame86": 0.5826633833348751,
    "frame87": 0.5905345728837613,
    "frame88": 0.5872898813556222,
    "frame89": 0,
    "frame90": 0.6317053377664176,
    "frame91": 0.72213614659899,
    "frame92": 0.7240812913913812,
    "frame93": 0.7166714196294284,
    "frame94": 0.6988977782377255,
    "frame95": 0.6596231502118969,
    "frame96": 0.6193607398741763,
    "frame97": 0.5293139627498548,
    "frame98": 0.5688712890804918,
    "frame99": 0.5762487145513296,
    "frame100": 0.5610087522105728,
    "frame101": 0.5395876960881716,
    "frame102": 0.5294352826488069,
    "frame103": 0.5418046344994146,
    "frame104": 0.5714854313626333,
    "frame105": 0.5557082556022538,
    "frame106": 0.5758155817165971,
    "frame107": 0.5843536630369695,
    "frame108": 0.5861512513113776,
    "frame109": 0.5752001725287413,
    "frame110": 0.588212350293677,
    "frame111": 0.569794025816637,
    "frame112": 0.5856902526265734,
    "frame113": 0.5839625940949436,
    "frame114": 0.5842683483536045,
    "frame115": 0.5607914005446694,
    "frame116": 0.5555104764275054,
    "frame117": 0.564202757680274,
    "frame118": 0.5711232576996852,
    "frame119": 0.5517652168096701,
    "frame120": 0.5650401353504922,
    "frame121": 0.5703029984883456,
    "frame122": 0.577836450189352,
    "frame123": 0.6053971812194493,
    "frame124": 0.6144052298459473,
    "frame125": 0.5601704030870287,
    "frame126": 0.5503117084416908,
    "frame127": 0.576646856268247,
    "frame128": 0.5805314822494984,
    "frame129": 0.5680119141739123,
    "frame130": 0.6167004471768935,
    "frame131": 0.5777245937953993,
    "frame132": 0,
    "frame133": 0,
    "frame134": 0.6063393778578234,
    "frame135": 0.6731378748804875,
    "frame136": 0.6584890374997634,
    "frame137": 0.6249768275672773,
    "frame138": 0.6468348892986323,
    "frame139": 0.6625952987992734,
    "frame140": 0.6524132371943303,
    "frame141": 0.6237298911588316,
    "frame142": 0.6178578560419087,
    "frame143": 0.6050258147074317,
    "frame144": 0.6294325693913414,
    "frame145": 0.6221609508703795,
    "frame146": 0.6081831607220631,
    "frame147": 0.6657312648687964,
    "frame148": 0.6428218035452049,
    "frame149": 0.648364431008406,
    "frame150": 0.6408212109140317,
    "frame151": 0.6733340484233189,
    "frame152": 0.6743347129715522,
    "frame153": 0.6278646225662549,
    "frame154": 0.645816877642752,
    "frame155": 0.6300039205830524,
    "frame156": 0.6697024709590428,
    "frame157": 0.6193987308067004,
    "frame158": 0.6438894912780522,
    "frame159": 0.656039090344983,
    "frame160": 0.6414993968643162,
    "frame161": 0.649203408012429,
    "frame162": 0.6741508280573825,
    "frame163": 0.6533264671314523,
    "frame164": 0.6656610592246743,
    "frame165": 0.6564053474756132,
    "frame166": 0.6418953373124909,
    "frame167": 0.6424301985263043,
    "frame168": 0.613473933579846,
    "frame169": 0.5803052302365778,
    "frame170": 0.5513526675803748,
    "frame171": 0.5331670977232725,
    "frame172": 0.5598667036834081,
    "frame173": 0.5901258580141016,
    "frame174": 0.5709142994802491,
    "frame175": 0.640005368758144,
    "frame176": 0.675393008093522,
    "frame177": 0.6791448470854802,
    "frame178": 0.6588532826104361,
    "frame179": 0.6444682798400684,
    "frame180": 0.6283556118003519,
    "frame181": 0.6402631549376075,
    "frame182": 0.6207823975242027,
    "frame183": 0.61819914963211,
    "frame184": 0.6027531357731559,
    "frame185": 0.6273444547832728,
    "frame186": 0.6196916819065128,
    "frame187": 0.6184497870487137,
    "frame188": 0.5951487480957487,
    "frame189": 0.5998006242134939,
    "frame190": 0.5883426908986893,
    "frame191": 0.6001045913606641,
    "frame192": 0.5947004147486069,
    "frame193": 0.5901387191535,
    "frame194": 0.5922715894518603,
    "frame195": 0.59739997607367,
    "frame196": 0.6287621078329617,
    "frame197": 0.6165553495555597,
    "frame198": 0.6022495896023786,
    "frame199": 0.5912506046232352,
    "frame200": 0.6052861973126783,
    "frame201": 0.6323858520671971,
    "frame202": 0.6538181596883955,
    "frame203": 0.6434769909557922,
    "frame204": 0.6458223072175945,
    "frame205": 0.67563163154885,
    "frame206": 0.6590097101326307,
    "frame207": 0.6539389887087734,
    "frame208": 0.6441009591385085,
    "frame209": 0.6589052633513198,
    "frame210": 0.6049608972475147,
    "frame211": 0.613586154937861,
    "frame212": 0.6125137028479838,
    "frame213": 0.6390194128342446,
    "frame214": 0.6539898334966694,
    "frame215": 0.6953186234756579,
    "frame216": 0.7069769106202284,
    "frame217": 0.7009537459906805,
    "frame218": 0.6810289817597606,
    "frame219": 0.6638671024159036,
    "frame220": 0.6425126851821662,
    "frame221": 0.63283636952739,
    "frame222": 0.5812749849314343,
    "frame223": 0.5817858601141597,
    "frame224": 0.6033414265525449,
    "frame225": 0.6387871363083162,
    "frame226": 0.6080893229243325,
    "frame227": 0.6165698963217046,
    "frame228": 0.6713191351806662,
    "frame229": 0.6651477142749023,
    "frame230": 0.6342544471897543,
    "frame231": 0.6505313023095874,
    "frame232": 0.6483443555049598,
    "frame233": 0.6807519303119514,
    "frame234": 0.6474369654699237,
    "frame235": 0.5951682182219136,
    "frame236": 0.581257474399261,
    "frame237": 0.5538312675640182,
    "frame238": 0.5554771946764541,
    "frame239": 0.5803956620055741,
    "frame240": 0.5720951414972159,
    "frame241": 0.5866004614221013,