{
    "frame0": 0.7074806853320461,
    "frame3": 0.7361149861477869,
    "frame6": 0.8851289156764545,
    "frame9": 0.7409998979712437,
    "frame12": 0,
    "frame15": 0,
    "frame18": 0.799646201484259,
    "frame21": 0.7930505982902585,
    "frame24": 0.6088734034909814,
    "frame27": 0,
    "frame30": 0.4728444476378646,
    "frame33": 0.7467031818071459,
    "frame36": 0.7822160005673615,
    "frame39": 0.5579373730171937,
    "frame42": 0.4744901420233387,
    "frame45": 0.6228533688583131,
    "frame48": 0.9101308044042098,
    "frame51": 0.6912391298766912,
    "frame54": 0.4943176581313004,
    "frame57": 0.4880472007321148,
    "frame60": 0.5586962112563196,
    "frame63": 0.6377401147456839,
    "frame66": 0.5929198174133786,
    "frame69": 0.49310843138021276,
    "frame72": 0.7550504104449198,
    "frame75": 0.7642493550071255,
    "frame78": 0.7070509856926406,
    "frame81": 0.5758991050745259,
    "frame84": 0.5305778656601239,
    "frame87": 0.600125212329132,
    "frame90": 0.6662663628398854,
    "frame93": 0.6586055606813566,
    "frame96": 0.6154191274723145,
    "frame99": 0.6029262439958938,
    "frame102": 0.5801138387300695,
    "frame105": 0.6059913171043662,
    "frame108": 0.6002701025458821,
    "frame111": 0.5806309263119981,
    "frame114": 0.5950683246126909,
    "frame117": 0.5740273660009656,
    "frame120": 0.5624085955475732,
    "frame123": 0.6339820033908057,
    "frame126": 0.5761405130547237,
    "frame129": 0.6093430152094249,
    "frame132": 0,
    "frame135": 0.6561720500157858,
    "frame138": 0.6161524223040764,
    "frame141": 0.6078470086777767,
    "frame144": 0.6537359424914343,
    "frame147": 0.6790940096007881,
    "frame150": 0.6971963125558374,
    "frame153": 0.650485385091977,
    "frame156": 0.625035231531663,
    "frame159": 0.6292502208933893,
    "frame162": 0.6404186213855915,
    "frame165": 0.6379151098241079,
    "frame168": 0.5887830202803952,
    "frame171": 0.5334791484836934,
    "frame174": 0.6802221802269808,
    "frame177": 0.65955578248073,
    "frame180": 0.62182248841978,
    "frame183": 0.6212233309916341,
    "frame186": 0.6065229210468742,
    "frame189": 0.6018556900629766,
    "frame192": 0.6268894009521823,
    "frame195": 0.6318072386447141,
    "frame198": 0.6037223290794843,
    "frame201": 0.6845348009291409,
    "frame204": 0.6490097900483586,
    "frame207": 0.6316652498590208,
    "frame210": 0.608493755146138,
    "frame213": 0.6334044893939976,
    "frame216": 0.6887820996487222,
    "frame219": 0.661197239579285,
    "frame222": 0.5826116753301057,
    "frame225": 0.6114754181564855,
    "frame228": 0.6775457003714783,
    "frame231": 0.6777221078506892,
    "frame234": 0.5928614023391524,
    "frame237": 0.5555337937020217,
    "frame240": 0.5470174655960551,
    "frame243": 0.6544487594189693,
    "frame246": 0.666230086634881,
    "frame249": 0.6101623206321638,
    "frame252": 0.6255427898092509,
    "frame255": 0.6469260688843398,
    "frame258": 0.7188511816253521,
    "frame261": 0.7064568846120453,
    "frame264": 0.665662915307693,
    "frame267": 0.6160785388616233,
    "frame270": 0.6520614897662269,
    "frame273": 0.6311155071770435,
    "frame276": 0.6157992351046213,
    "frame279": 0.614999401355409,
    "frame282": 0.6583436005286974,
    "frame285": 0.661398461586485,
    "frame288": 0.6911349582096591,
    "frame291": 0.6267947734657825,
    "frame294": 0.5701796098214393,
    "frame297": 0.6826634412935213,
    "frame300": 0.6747621243010528,
    "frame303": 0.6223465123896157,
    "frame306": 0.5797774393619461,
    "frame309": 0.6386832181370097,
    "frame312": 0.7145598438571,
    "frame315": 0.7086392304243704,
    "frame318": 0.6233492306877972,
    "frame321": 0.6387250418725426,
    "frame324": 0.7843950363321431,
    "frame327": 0.7360642262849835,
    "frame330": 0.6766621351756387,
    "frame333": 0.6191277438778828,
    "frame336": 0.7092708235462541,
    "frame339": 0.6963236402796352,
    "frame342": 0.65868163556521,
    "frame345": 0.6474846932852952,
    "frame348": 0.7141972394906251,
    "frame351": 0.5317296596250245,
    "frame354": 0.5566583199086286,
    "frame357": 0.5885207712175093,
    "frame360": 0.6223300734457647,
    "frame363": 0.6999188338096113,
    "frame366": 0.5805140973056475,
    "frame369": 0.6351913700260541,
    "frame372": 0.33253595424009047,
    "frame375": 0.21148295686497207,
    "Average Iou": 0.6140992659551642
}