{
    "frame0": 0,
    "frame2": 0,
    "frame4": 0,
    "frame6": 0.6544950259956739,
    "frame8": 0.6874603784072963,
    "frame10": 0.6776280385874531,
    "frame12": 0,
    "frame14": 0,
    "frame16": 0,
    "frame18": 0,
    "frame20": 0.8044624855753664,
    "frame22": 0.6422499386555932,
    "frame24": 0.46090935724679377,
    "frame26": 0,
    "frame28": 0,
    "frame30": 0,
    "frame32": 0.546975342531999,
    "frame34": 0.7005488522648533,
    "frame36": 0.8285511019598119,
    "frame38": 0.7368377502531301,
    "frame40": 0,
    "frame42": 0,
    "frame44": 0.35962296871464905,
    "frame46": 0.5151064486153956,
    "frame48": 0.7823044868430589,
    "frame50": 0.6843897670060167,
    "frame52": 0.6156638029822679,
    "frame54": 0.5296714392216767,
    "frame56": 0.5765039134706365,
    "frame58": 0,
    "frame60": 0.5612663455610164,
    "frame62": 0.6034686614235397,
    "frame64": 0.7201753890192186,
    "frame66": 0.6137261455127446,
    "frame68": 0.4938481796532869,
    "frame70": 0.6018304962012917,
    "frame72": 0.6227196068916272,
    "frame74": 0.742470137304684,
    "frame76": 0.7756755583670184,
    "frame78": 0.7552441640896795,
    "frame80": 0.6699749910403289,
    "frame82": 0.552187035850577,
    "frame84": 0.5177202092577502,
    "frame86": 0.5948137599781708,
    "frame88": 0.6481253592563527,
    "frame90": 0.6393938118467928,
    "frame92": 0.6515971284963558,
    "frame94": 0.6550290415998429,
    "frame96": 0.6119370837957209,
    "frame98": 0.5648992776870727,
    "frame100": 0.5324654862802257,
    "frame102": 0.5177595175543909,
    "frame104": 0.5941241549572753,
    "frame106": 0.5758697121755945,
    "frame108": 0.5856322603810913,
    "frame110": 0.5544435069338878,
    "frame112": 0.5504184257510794,
    "frame114": 0.5603196373692265,
    "frame116": 0.5185423288141674,
    "frame118": 0.5279644976605425,
    "frame120": 0.6015222027897835,
    "frame122": 0.5792606649989331,
    "frame124": 0.6669395760661241,
    "frame126": 0.6059727184263204,
    "frame128": 0.6378802409271399,
    "frame130": 0.6112138608606328,
    "frame132": 0.5836882300729219,
    "frame134": 0.6029189026023368,
    "frame136": 0.6046627783038221,
    "frame138": 0.650057217134895,
    "frame140": 0.6412329763330532,
    "frame142": 0.58063321367614,
    "frame144": 0.606240247750956,
    "frame146": 0.6448643467055274,
    "frame148": 0.6187209530370084,
    "frame150": 0.6602548501525225,
    "frame152": 0.6555573773976774,
    "frame154": 0.6417707736313676,
    "frame156": 0.6593601977449688,
    "frame158": 0.6088503757078055,
    "frame160": 0.6280549594732361,
    "frame162": 0.6791792787199256,
    "frame164": 0.648125157818159,
    "frame166": 0.6158734891648703,
    "frame168": 0.6049029412510771,
    "frame170": 0.5571651329192941,
    "frame172": 0.5828130358615173,
    "frame174": 0.6407048861944565,
    "frame176": 0.6789109684365104,
    "frame178": 0.6352458581734788,
    "frame180": 0.6246112284285963,
    "frame182": 0.616027471985945,
    "frame184": 0.646761599361901,
    "frame186": 0.6344227034667017,
    "frame188": 0.5837048236166527,
    "frame190": 0.5968307952425573,
    "frame192": 0.6147834588120694,
    "frame194": 0.6250971272803811,
    "frame196": 0.6189005244396455,
    "frame198": 0.596882923440663,
    "frame200": 0.5950971864301754,
    "frame202": 0.6708201804076023,
    "frame204": 0.6602916648269939,
    "frame206": 0.6492129411262036,
    "frame208": 0.650003260952572,
    "frame210": 0.5940326186308205,
    "frame212": 0.6023141875692023,
    "frame214": 0.6068449180517173,
    "frame216": 0.7172186646731842,
    "frame218": 0.6844741707006118,
    "frame220": 0.6491180871565826,
    "frame222": 0.5897187339027928,
    "frame224": 0.5906225984416276,
    "frame226": 0.612083051102783,
    "frame228": 0.6565649198293967,
    "frame230": 0.6375300790408226,
    "frame232": 0.6303428029584489,
    "frame234": 0.6199997189747991,
    "frame236": 0.5826360717538915,
    "frame238": 0.5644539431561769,
    "frame240": 0.5768805647702439,
    "frame242": 0.567282454014087,
    "frame244": 0.6671826877359986,
    "frame246": 0.6649062006728471,
    "frame248": 0.6298692981371969,
    "frame250": 0.5824285557512091,
    "frame252": 0.6046328697173019,
    "frame254": 0.6257431991940162,
    "frame256": 0.660717466215105,
    "frame258": 0.7028884254215946,
    "frame260": 0.7353181212251765,
    "frame262": 0.6932787504504815,
    "frame264": 0.6712810331312092,
    "frame266": 0.6338311205316186,
    "frame268": 0.5902401092096817,
    "frame270": 0.6488047526928327,
    "frame272": 0.6270816402197563,
    "frame274": 0.626276644764556,
    "frame276": 0.6044263507533447,
    "frame278": 0.5797251340452503,
    "frame280": 0.5837632262850821,
    "frame282": 0.6179720277521522,
    "frame284": 0.6255563399109217,
    "frame286": 0.6540389960847732,
    "frame288": 0.677491261526947,
    "frame290": 0.6639147375620943,
    "frame292": 0.6212337233618503,
    "frame294": 0.5635499337288606,
    "frame296": 0.6133490531659741,
    "frame298": 0.6918868359358938,
    "frame300": 0.6766472760943253,
    "frame302": 0.6540805332711773,
    "frame304": 0.5978034103566148,
    "frame306": 0.5769580743560367,
    "frame308": 0.5831069019755407,
    "frame310": 0.6462752972884669,
    "frame312": 0.7146999483871415,
    "frame314": 0.7424088599808204,
    "frame316": 0.7059582412387934,
    "frame318": 0.6554503893440421,
    "frame320": 0.5892305253130229,
    "frame322": 0.6437059407824948,
    "frame324": 0.8432901742140292,
    "frame326": 0.7578624229345535,
    "frame328": 0.6594127523882741,
    "frame330": 0.6384419101733015,
    "frame332": 0.6303274688369193,
    "frame334": 0.6065841239015205,
    "frame336": 0.6557770941336325,
    "frame338": 0.782651119725196,
    "frame340": 0.7151003834791472,
    "frame342": 0.7076781497414031,
    "frame344": 0.7487533430262515,
    "frame346": 0.6156928234209882,
    "frame348": 0.6073391125697436,
    "frame350": 0.7170593932869458,
    "frame352": 0.5489291305049898,
    "frame354": 0.5344665909412756,
    "frame356": 0.5195003100533039,
    "frame358": 0.5054534632180672,
    "frame360": 0.6285228495749989,
    "frame362": 0.6399349794111492,
    "frame364": 0.6663081603169159,
    "frame366": 0.6060473157165602,
    "frame368": 0.6213310122370939,
    "frame370": 0.5344466941622811,
    "frame372": 0.47664832079028996,
    "frame374": 0.20398540091005743,
    "frame376": 0.22175799678703398,
    "Average Iou": 0.5796623401372946
}