{
    "frame0": 0,
    "frame1": 0,
    "frame2": 0,
    "frame3": 0,
    "frame4": 0,
    "frame5": 0,
    "frame6": 0,
    "frame7": 0,
    "frame8": 0,
    "frame9": 0,
    "frame10": 0,
    "frame11": 0,
    "frame12": 0,
    "frame13": 0,
    "frame14": 0,
    "frame15": 0,
    "frame16": 0,
    "frame17": 0,
    "frame18": 0,
    "frame19": 0,
    "frame20": 0,
    "frame21": 0,
    "frame22": 0,
    "frame23": 0,
    "frame24": 0,
    "frame25": 0,
    "frame26": 0,
    "frame27": 0,
    "frame28": 0,
    "frame29": 0,
    "frame30": 0,
    "frame31": 0,
    "frame32": 0,
    "frame33": 0,
    "frame34": 0,
    "frame35": 0,
    "frame36": 0,
    "frame37": 0,
    "frame38": 0,
    "frame39": 0,
    "frame40": 0,
    "frame41": 0,
    "frame42": 0,
    "frame43": 0,
    "frame44": 0.34583656450501155,
    "frame45": 0.4344376900024957,
    "frame46": 0.43332266793216623,
    "frame47": 0.7652209820597035,
    "frame48": 0.8892249703426655,
    "frame49": 0.8959753354491011,
    "frame50": 0.7591332222484164,
    "frame51": 0.7235590892205002,
    "frame52": 0.6656588000165244,
    "frame53": 0.5771378814968388,
    "frame54": 0.4854358401175458,
    "frame55": 0.46551917619157634,
    "frame56": 0.5520584399335206,
    "frame57": 0,
    "frame58": 0.5462965548969805,
    "frame59": 0.49483596007209457,
    "frame60": 0.4753823624714278,
    "frame61": 0.4102859126003919,
    "frame62": 0,
    "frame63": 0,
    "frame64": 0,
    "frame65": 0,
    "frame66": 0,
    "frame67": 0,
    "frame68": 0,
    "frame69": 0,
    "frame70": 0,
    "frame71": 0,
    "frame72": 0,
    "frame73": 0,
    "frame74": 0,
    "frame75": 0,
    "frame76": 0,
    "frame77": 0.6472586471275924,
    "frame78": 0,
    "frame79": 0.578731717180986,
    "frame80": 0.630023201694712,
    "frame81": 0,
    "frame82": 0,
    "frame83": 0,
    "frame84": 0,
    "frame85": 0,
    "frame86": 0,
    "frame87": 0,
    "frame88": 0.5322951782275649,
    "frame89": 0.5279534776984643,
    "frame90": 0.5044108967191473,
    "frame91": 0.607036668137342,
    "frame92": 0.6515067131892472,
    "frame93": 0.6041272004891513,
    "frame94": 0.5947117566010812,
    "frame95": 0.5958363927603164,
    "frame96": 0.5999395778209141,
    "frame97": 0.5911867749755797,
    "frame98": 0.604353358315097,
    "frame99": 0,
    "frame100": 0,
    "frame101": 0,
    "frame102": 0.43255632370886427,
    "frame103": 0.4251764619257301,
    "frame104": 0,
    "frame105": 0,
    "frame106": 0,
    "frame107": 0,
    "frame108": 0.57193088666655,
    "frame109": 0,
    "frame110": 0.549100122573698,
    "frame111": 0,
    "frame112": 0,
    "frame113": 0,
    "frame114": 0.5194364184176292,
    "frame115": 0.526156074666727,
    "frame116": 0,
    "frame117": 0,
    "frame118": 0,
    "frame119": 0,
    "frame120": 0,
    "frame121": 0,
    "frame122": 0,
    "frame123": 0,
    "frame124": 0.5665205039122655,
    "frame125": 0.547763062618736,
    "frame126": 0.5615833900544954,
    "frame127": 0.5545731484889984,
    "frame128": 0,
    "frame129": 0,
    "frame130": 0.6503648214870029,
    "frame131": 0.6377175963045886,
    "frame132": 0.6377757267599806,
    "frame133": 0.669855559950994,
    "frame134": 0.6073380352073797,
    "frame135": 0.6732201897086271,
    "frame136": 0.6608781691625595,
    "frame137": 0.6351889572808449,
    "frame138": 0.6684824133372511,
    "frame139": 0.6883012499544713,
    "frame140": 0.6737476332093075,
    "frame141": 0.6333691727885435,
    "frame142": 0.6056166202458012,
    "frame143": 0.5596122489814405,
    "frame144": 0.5765415377545168,
    "frame145": 0.5905838304937955,
    "frame146": 0.6120196688451149,
    "frame147": 0.6709256346689331,
    "frame148": 0.6544213215013909,
    "frame149": 0.6604180542209553,
    "frame150": 0.6632960703110095,
    "frame151": 0.6690628756931744,
    "frame152": 0.6493631189409513,
    "frame153": 0.6427714512102088,
    "frame154": 0.6430609844469483,
    "frame155": 0.6705015226494029,
    "frame156": 0.6152150182804923,
    "frame157": 0.6194238995758711,
    "frame158": 0.6375642476510434,
    "frame159": 0.6109855309384453,
    "frame160": 0.6179580820534769,
    "frame161": 0.6080163600302793,
    "frame162": 0.6539862029263324,
    "frame163": 0.6447523061626419,
    "frame164": 0.6612868979275809,
    "frame165": 0.6658008781628406,
    "frame166": 0.6396718304001333,
    "frame167": 0.6421638993298108,
    "frame168": 0.6029451581230441,
    "frame169": 0.570087299335109,
    "frame170": 0.5771391913926525,
    "frame171": 0.5260616430596913,
    "frame172": 0.586930257745169,
    "frame173": 0.5968333851300426,
    "frame174": 0.5751933122912245,
    "frame175": 0.5927018523629622,
    "frame176": 0.6969544891080965,
    "frame177": 0.6405193822578458,
    "frame178": 0.6283184456283396,
    "frame179": 0.6589517576059539,
    "frame180": 0.6674432951823439,
    "frame181": 0.6338459863973697,
    "frame182": 0.6248257183494393,
    "frame183": 0.6367003639643973,
    "frame184": 0.6194567062314865,
    "frame185": 0.6239060123547182,
    "frame186": 0.6287460048904281,
    "frame187": 0.6249400180287022,
    "frame188": 0.6148898304158112,
    "frame189": 0.6212518121244439,
    "frame190": 0.6070196985223113,
    "frame191": 0.5913949254886085,
    "frame192": 0.5990472765666343,
    "frame193": 0.5869209875208564,
    "frame194": 0.6127872017174409,
    "frame195": 0.5871001556857625,
    "frame196": 0.6261761408764865,
    "frame197": 0.5884610777730168,
    "frame198": 0.6092684451151987,
    "frame199": 0.5817665267452096,
    "frame200": 0.5886832687078223,
    "frame201": 0.6259865659216469,
    "frame202": 0.6889427193658034,
    "frame203": 0.7015780800289003,
    "frame204": 0.6555601330477252,
    "frame205": 0.6453091903302254,
    "frame206": 0.652899784931524,
    "frame207": 0.6554749285565784,
    "frame208": 0.6636989313887537,
    "frame209": 0.6682540244420084,
    "frame210": 0.6160499976250284,
    "frame211": 0.6267614065228057,
    "frame212": 0.6414480218254689,
    "frame213": 0.6288949505253997,
    "frame214": 0.6500222155420905,
    "frame215": 0.6873086558201414,
    "frame216": 0.7126940812654109,
    "frame217": 0.6937171396143158,
    "frame218": 0.6724331521416909,
    "frame219": 0.6661146213709082,
    "frame220": 0.6450450425971648,
    "frame221": 0.6276083615395566,
    "frame222": 0.597723349454528,
    "frame223": 0.5928903482443948,
    "frame224": 0.6179961330083887,
    "frame225": 0.6247988454933037,
    "frame226": 0.6205043091817228,
    "frame227": 0.6325802295442696,
    "frame228": 0.6405200610182696,
    "frame229": 0.6356483142329162,
    "frame230": 0.6071545762548943,
    "frame231": 0.6168486875585473,
    "frame232": 0.6008065957275732,
    "frame233": 0.6561931454926898,
    "frame234": 0.6086144419426426,
    "frame235": 0.5645621391359082,
    "frame236": 0.579832584179681,
    "frame237": 0.5518723469011971,
    "frame238": 0.5569300465035998,
    "frame239": 0.6114601069236685,
    "frame240": 0.5767167956744931,
    "frame241": 0.610266932242906,
    "frame242": 0.5995509210648002,
    "frame243": 0.6542589139299525,
    "frame244": 0.6807017881762351,
    "frame245": 0.6333261082318185,
    "frame246": 0.6476448721283584,
    "frame247": 0.6452711284157215,
    "frame248": 0.6240249042817287,
    "frame249": 0.6118122529612448,
    "frame250": 0.6103474623872969,
    "frame251": 0.6207943463292676,
    "frame252": 0.6442603703452439,
    "frame253": 0.6411897396184094,
    "frame254": 0.6297289476429656,
    "frame255": 0.6215288295509036,
    "frame256": 0.6622963234023456,
    "frame257": 0.6194793534935362,
    "frame258": 0.6547579451337403,
    "frame259": 0.6834831564833349,
    "frame260": 0.665718655004996,
    "frame261": 0.712476045697862,
    "frame262": 0.6938972554781148,
    "frame263": 0.6598349414297453,
    "frame264": 0.6697017649711001,
    "frame265": 0.619401843322539,
    "frame266": 0.6075821149308401,