{
    "frame0": 0.6371569781808875,
    "frame2": 0.6429045853700558,
    "frame4": 0.7038717357050471,
    "frame6": 0.8324091902543267,
    "frame8": 0.7731494107727999,
    "frame10": 0.6827548659629242,
    "frame12": 0,
    "frame14": 0,
    "frame16": 0,
    "frame18": 0.7372784825143772,
    "frame20": 0.8833401664361681,
    "frame22": 0.8366248094838276,
    "frame24": 0.7089659980110988,
    "frame26": 0.4688534069038575,
    "frame28": 0,
    "frame30": 0.38777796394348274,
    "frame32": 0.5782987012300227,
    "frame34": 0.7732701722649019,
    "frame36": 0.8456382770412632,
    "frame38": 0.7105301989515549,
    "frame40": 0.48231454350116876,
    "frame42": 0.3943263404160953,
    "frame44": 0.38335073262185476,
    "frame46": 0.5442098688510484,
    "frame48": 0.8632801086605956,
    "frame50": 0.786738001446655,
    "frame52": 0.6492660567891791,
    "frame54": 0.47112867670024144,
    "frame56": 0.5496923844598717,
    "frame58": 0.5079261547420174,
    "frame60": 0.533571014116751,
    "frame62": 0.6381487045384711,
    "frame64": 0.7485394885330586,
    "frame66": 0.5932467823284114,
    "frame68": 0.539668327908148,
    "frame70": 0.522229300851468,
    "frame72": 0.6597965109277759,
    "frame74": 0.7770371952311764,
    "frame76": 0,
    "frame78": 0.742386563119116,
    "frame80": 0.6341265809372999,
    "frame82": 0.5123402463659082,
    "frame84": 0.4889675742142478,
    "frame86": 0.5770475958674043,
    "frame88": 0.6343013761894633,
    "frame90": 0.6236377251150405,
    "frame92": 0.6513425334973691,
    "frame94": 0.6681270375920043,
    "frame96": 0.6026924867155029,
    "frame98": 0.5629693398707443,
    "frame100": 0.5745696046544566,
    "frame102": 0.5522059741058511,
    "frame104": 0.5852351529758285,
    "frame106": 0.5997155167291676,
    "frame108": 0.6209354277014141,
    "frame110": 0.5849821069168627,
    "frame112": 0.5585824438992696,
    "frame114": 0.5614189182880236,
    "frame116": 0.5242429764648745,
    "frame118": 0.5774042129241602,
    "frame120": 0.5822835653818769,
    "frame122": 0.5883800048496834,
    "frame124": 0.6061693360504927,
    "frame126": 0.5559646009902394,
    "frame128": 0.591352850406,
    "frame130": 0.6292204952670701,
    "frame132": 0.635349397387157,
    "frame134": 0.6289611209737037,
    "frame136": 0.6635413809164836,
    "frame138": 0.6333711379836634,
    "frame140": 0.6853024414507541,
    "frame142": 0.6334451355414646,
    "frame144": 0.6916067971721421,
    "frame146": 0.6771459665465376,
    "frame148": 0.7059279096701805,
    "frame150": 0.6784079936064515,
    "frame152": 0.6839906653476235,
    "frame154": 0.6569319552044574,
    "frame156": 0.6621026881971692,
    "frame158": 0.6270377640123352,
    "frame160": 0.6299523474258256,
    "frame162": 0.6668691432201796,
    "frame164": 0.6698304184667131,
    "frame166": 0.6288264476609869,
    "frame168": 0.6217269125711065,
    "frame170": 0.5646205416535733,
    "frame172": 0.5627576836517879,
    "frame174": 0.6387242831657698,
    "frame176": 0.7317781253841477,
    "frame178": 0.6693709392962623,
    "frame180": 0.6254434969497051,
    "frame182": 0.6477885927007471,
    "frame184": 0.6217253380104312,
    "frame186": 0.6276794053435981,
    "frame188": 0.5916329850626305,
    "frame190": 0.6015760875401432,
    "frame192": 0.5935262648711549,
    "frame194": 0.6214347493276898,
    "frame196": 0.6164291947062494,
    "frame198": 0.5927812754066436,
    "frame200": 0.6092219545207419,
    "frame202": 0.6550984725149579,
    "frame204": 0.6577833229293221,
    "frame206": 0.6477837913994685,
    "frame208": 0.6495304215830282,
    "frame210": 0.617714325219599,
    "frame212": 0.5930191683766174,
    "frame214": 0.6284798716876296,
    "frame216": 0.7398927906083143,
    "frame218": 0.6663229162608177,
    "frame220": 0.6615249673748044,
    "frame222": 0.5957992808500905,
    "frame224": 0.5997072834099565,
    "frame226": 0.6279939403974164,
    "frame228": 0.6683880029656495,
    "frame230": 0.6544376553330051,
    "frame232": 0.659303532277557,
    "frame234": 0.6254240602460707,
    "frame236": 0.5970671359867115,
    "frame238": 0.5550717122628,
    "frame240": 0.5777430426404309,
    "frame242": 0.5792502052623748,
    "frame244": 0.6717040384883464,
    "frame246": 0.6601831779921099,
    "frame248": 0.6422020035290258,
    "frame250": 0.5967383086756748,
    "frame252": 0.611561763998528,
    "frame254": 0.6314906279760161,
    "frame256": 0.6745881427136754,
    "frame258": 0.6961657544750571,
    "frame260": 0.7364602818441951,
    "frame262": 0.7029360890265777,
    "frame264": 0.6784600714552712,
    "frame266": 0.6394648567134606,
    "frame268": 0.5941505732393225,
    "frame270": 0.664335449604919,
    "frame272": 0.6286750074419,
    "frame274": 0.6270911517807558,
    "frame276": 0.6252231137552172,
    "frame278": 0.5958352261426934,
    "frame280": 0.600181733584529,
    "frame282": 0.6160650515939446,
    "frame284": 0.6255084858116515,
    "frame286": 0.6548515270900321,
    "frame288": 0.6707484611392034,
    "frame290": 0.6732892587470758,
    "frame292": 0.6230674865471073,
    "frame294": 0.5693699958830301,
    "frame296": 0.6205428693526525,
    "frame298": 0.703298106686689,
    "frame300": 0.680506289029618,
    "frame302": 0.6449058553814488,
    "frame304": 0.5943123092307412,
    "frame306": 0.5719003231851153,
    "frame308": 0.5849592785590462,
    "frame310": 0.6493571855267642,
    "frame312": 0.7170585120294931,
    "frame314": 0.7444153252080664,
    "frame316": 0.6975924523529603,
    "frame318": 0.6539172050867299,
    "frame320": 0.5814719744878467,
    "frame322": 0.6177648766612067,
    "frame324": 0.848916427399141,
    "frame326": 0.7515034099657464,
    "frame328": 0.663848235134787,
    "frame330": 0.6448599328527702,
    "frame332": 0.6361705630575851,
    "frame334": 0.6101870838005352,
    "frame336": 0.6560931821971622,
    "frame338": 0.7879259827570009,
    "frame340": 0.7095278832410534,
    "frame342": 0.7089777292778563,
    "frame344": 0.7440613076541914,
    "frame346": 0.6299308562642124,
    "frame348": 0.6059272231727298,
    "frame350": 0.7298616204560999,
    "frame352": 0.5498178801834197,
    "frame354": 0.5322672147295527,
    "frame356": 0.5208972102172719,
    "frame358": 0.5078909129959988,
    "frame360": 0.6167813066041092,
    "frame362": 0.6412222639601971,
    "frame364": 0.6637517857071347,
    "frame366": 0.6032883781368357,
    "frame368": 0.6203774578042648,
    "frame370": 0.5349785803296976,
    "frame372": 0.47683875334508324,
    "frame374": 0.20375654423425715,
    "frame376": 0.21988194761763175,
    "Average Iou": 0.612084358192576
}