{
    "frame0": 0.6239388645169657,
    "frame1": 0.6210610914292686,
    "frame2": 0.5898100487646849,
    "frame3": 0.6157047504527026,
    "frame4": 0.6565329097242666,
    "frame5": 0.7511339241783935,
    "frame6": 0.7818655931612596,
    "frame7": 0.778316663910438,
    "frame8": 0.7710934423873896,
    "frame9": 0.7195361330830191,
    "frame10": 0.67185065138856,
    "frame11": 0,
    "frame12": 0,
    "frame13": 0,
    "frame14": 0,
    "frame15": 0,
    "frame16": 0,
    "frame17": 0,
    "frame18": 0.7101329648772552,
    "frame19": 0.8054269923540337,
    "frame20": 0.8273056337387074,
    "frame21": 0.8358277194965855,
    "frame22": 0.812756780606967,
    "frame23": 0.7378405487127473,
    "frame24": 0.7052311901702332,
    "frame25": 0.5956904020599227,
    "frame26": 0.439341391415097,
    "frame27": 0,
    "frame28": 0.3845032601682253,
    "frame29": 0,
    "frame30": 0.402277820835483,
    "frame31": 0.43989230473560315,
    "frame32": 0.5752132316724754,
    "frame33": 0.7513984715522721,
    "frame34": 0.8013668501995099,
    "frame35": 0.8699730570331546,
    "frame36": 0.8462044765318454,
    "frame37": 0.8237814259592486,
    "frame38": 0.7127289203051301,
    "frame39": 0.6730817521002609,
    "frame40": 0.49787590071997223,
    "frame41": 0.4087392537596346,
    "frame42": 0.4240097948906416,
    "frame43": 0.4581964074406359,
    "frame44": 0.399441337512211,
    "frame45": 0.5031246435862116,
    "frame46": 0.5842802135248422,
    "frame47": 0.8398381113730885,
    "frame48": 0.9071232733145856,
    "frame49": 0.8508824820252023,
    "frame50": 0.7324421538807264,
    "frame51": 0.6844375201652231,
    "frame52": 0.6846182656179114,
    "frame53": 0.6553235524674741,
    "frame54": 0.46819057544114207,
    "frame55": 0.5037985313965493,
    "frame56": 0.5731563675707646,
    "frame57": 0.5293597432916041,
    "frame58": 0.5163994789123535,
    "frame59": 0.5171153098699381,
    "frame60": 0.5158926738478476,
    "frame61": 0.5577243373201299,
    "frame62": 0.7320464290981181,
    "frame63": 0.6970627193525434,
    "frame64": 0.8102121228289985,
    "frame65": 0.7723483561724425,
    "frame66": 0.6970497309559376,
    "frame67": 0.5861880882533034,
    "frame68": 0.5734896017296706,
    "frame69": 0.5047908535859881,
    "frame70": 0.5329080981347942,
    "frame71": 0.5931115707010031,
    "frame72": 0.6390282528316951,
    "frame73": 0.7087520674960142,
    "frame74": 0.7340383940306099,
    "frame75": 0.7647886421552342,
    "frame76": 0.7184417817848425,
    "frame77": 0.7625786462619453,
    "frame78": 0.7894186740072142,
    "frame79": 0.768708644861519,
    "frame80": 0.6631556009743446,
    "frame81": 0.5639789312577047,
    "frame82": 0.5434475060023588,
    "frame83": 0.4884473929517957,
    "frame84": 0.5548655743273716,
    "frame85": 0.5883840638228705,
    "frame86": 0.6148191744185708,
    "frame87": 0.6092527105003838,
    "frame88": 0.6926407896057125,
    "frame89": 0.6876019704380968,
    "frame90": 0.6643391061147023,
    "frame91": 0.6821265761275344,
    "frame92": 0.6817188673748562,
    "frame93": 0.6712565352085264,
    "frame94": 0.6818689377618006,
    "frame95": 0.6621932729911694,
    "frame96": 0.6430020902696946,
    "frame97": 0.5739439013420616,
    "frame98": 0.5932705342769623,
    "frame99": 0.6080976313725114,
    "frame100": 0.5665504447578863,
    "frame101": 0.5402810132660901,
    "frame102": 0.5215924951047171,
    "frame103": 0.5569238964352046,
    "frame104": 0.5353504830929968,
    "frame105": 0.5661101939280828,
    "frame106": 0.5952211392201759,
    "frame107": 0.6023721450377248,
    "frame108": 0.6069063574146875,
    "frame109": 0.5827298704730837,
    "frame110": 0.5797420398483979,
    "frame111": 0.5709208352957362,
    "frame112": 0.5687097799853222,
    "frame113": 0.5705357154512577,
    "frame114": 0.5740395897481099,
    "frame115": 0.561478220072652,
    "frame116": 0.5304499398316106,
    "frame117": 0.503397471430812,
    "frame118": 0.5818010931404737,
    "frame119": 0.543159816402362,
    "frame120": 0.572910552436003,
    "frame121": 0.5776291072346221,
    "frame122": 0.585424730292286,
    "frame123": 0.6210716801319821,
    "frame124": 0.6100376956311077,
    "frame125": 0.5778752232260175,
    "frame126": 0.5463479741604995,
    "frame127": 0.5817516715217071,
    "frame128": 0.5911421098395842,
    "frame129": 0.5950027970264407,
    "frame130": 0.6350193750592895,
    "frame131": 0.6256898364234033,
    "frame132": 0.6206559007467933,
    "frame133": 0.6520955364041933,
    "frame134": 0.6555763974935142,
    "frame135": 0.6507791786506207,
    "frame136": 0.6617998692403049,
    "frame137": 0.6566971231546435,
    "frame138": 0.6404534640429358,
    "frame139": 0.644817559138855,
    "frame140": 0.6603709454074171,
    "frame141": 0.6108700592347805,
    "frame142": 0.6017795598814413,
    "frame143": 0.5967753596566833,
    "frame144": 0.6155360141189626,
    "frame145": 0.6107149285241954,
    "frame146": 0.6384097382525105,
    "frame147": 0.6638360743902333,
    "frame148": 0.6607017798290147,
    "frame149": 0.643029089336359,
    "frame150": 0.6761536007967817,
    "frame151": 0.6740866100510502,
    "frame152": 0.6744264120598223,
    "frame153": 0.6422809212416423,
    "frame154": 0.6423822534640399,
    "frame155": 0.6573626909233664,
    "frame156": 0.6632423568257542,
    "frame157": 0.6352849279994359,
    "frame158": 0.6404728760608753,
    "frame159": 0.657382646098466,
    "frame160": 0.6441670522232089,
    "frame161": 0.6648439504627641,
    "frame162": 0.6801912945607257,
    "frame163": 0.6610368517396362,
    "frame164": 0.6972628220680381,
    "frame165": 0.6392532744503935,
    "frame166": 0.635854736144052,
    "frame167": 0.6145842461900788,
    "frame168": 0.6022460848534011,
    "frame169": 0.5903733494224411,
    "frame170": 0.5625213408346407,
    "frame171": 0.5273378559210005,
    "frame172": 0.5643447728602441,
    "frame173": 0.5859871622256853,
    "frame174": 0.6283209489671889,
    "frame175": 0.6542780090612275,
    "frame176": 0.6830857661599572,
    "frame177": 0.6741098581824582,
    "frame178": 0.676426525937378,
    "frame179": 0.7036996288173816,
    "frame180": 0.655613718401384,
    "frame181": 0.6475226416999117,
    "frame182": 0.6342317548743012,
    "frame183": 0.6496987962076284,
    "frame184": 0.6393148524142623,
    "frame185": 0.6432425016466248,
    "frame186": 0.6430718709175914,
    "frame187": 0.6039240886084123,
    "frame188": 0.5905782763171423,
    "frame189": 0.5941651577648457,
    "frame190": 0.5956390963759429,
    "frame191": 0.601094629819066,
    "frame192": 0.5987034729341515,
    "frame193": 0.6092227100193919,
    "frame194": 0.6189995950035403,
    "frame195": 0.597525314339198,
    "frame196": 0.6196221156781598,
    "frame197": 0.6038632890887703,
    "frame198": 0.6000102549064054,
    "frame199": 0.5915043737596761,
    "frame200": 0.6009278175981698,
    "frame201": 0.6283895358137337,
    "frame202": 0.6672667197379568,
    "frame203": 0.6573858837138249,
    "frame204": 0.6523309608709441,
    "frame205": 0.6688210015223534,
    "frame206": 0.6660141709634494,
    "frame207": 0.6749832054212141,
    "frame208": 0.6792548494969649,
    "frame209": 0.6928398661723392,
    "frame210": 0.6300588744416762,
    "frame211": 0.638107687729803,
    "frame212": 0.6069239181966096,
    "frame213": 0.6421751518238347,
    "frame214": 0.6464398630074725,
    "frame215": 0.727733897816099,
    "frame216": 0.7137881923260047,
    "frame217": 0.7076507756512201,
    "frame218": 0.6757137075510093,
    "frame219": 0.6680761770333786,
    "frame220": 0.6561633238822604,
    "frame221": 0.6307116751251687,
    "frame222": 0.5901977724031305,
    "frame223": 0.5814536143789859,
    "frame224": 0.5994837608993094,
    "frame225": 0.6478267504670433,
    "frame226": 0.6154265350164391,
    "frame227": 0.6292548439929666,
    "frame228": 0.6710168675930346,
    "frame229": 0.6903899343437458,