{
    "frame0": 0,
    "frame1": 0,
    "frame2": 0,
    "frame3": 0,
    "frame4": 0,
    "frame5": 0,
    "frame6": 0,
    "frame7": 0,
    "frame8": 0,
    "frame9": 0,
    "frame10": 0,
    "frame11": 0,
    "frame12": 0,
    "frame13": 0,
    "frame14": 0,
    "frame15": 0,
    "frame16": 0,
    "frame17": 0,
    "frame18": 0,
    "frame19": 0,
    "frame20": 0,
    "frame21": 0,
    "frame22": 0,
    "frame23": 0,
    "frame24": 0,
    "frame25": 0,
    "frame26": 0,
    "frame27": 0,
    "frame28": 0,
    "frame29": 0,
    "frame30": 0.34966172167991005,
    "frame31": 0.37303706640446627,
    "frame32": 0.4964271528494579,
    "frame33": 0,
    "frame34": 0.7268588525571469,
    "frame35": 0.6608482717277658,
    "frame36": 0.8825470134653908,
    "frame37": 0.8092839528125146,
    "frame38": 0.7672355311038225,
    "frame39": 0,
    "frame40": 0,
    "frame41": 0,
    "frame42": 0.3770928714953142,
    "frame43": 0.3775967246790727,
    "frame44": 0.39405188083099396,
    "frame45": 0.4802101785175162,
    "frame46": 0.514853829860018,
    "frame47": 0.8254793490754396,
    "frame48": 0.9199759053206071,
    "frame49": 0.7656061032009278,
    "frame50": 0.7253033890032693,
    "frame51": 0.737080415312917,
    "frame52": 0.6079879786906757,
    "frame53": 0.6342721894995078,
    "frame54": 0.48312435409351556,
    "frame55": 0.46184876225888727,
    "frame56": 0.6073410091731086,
    "frame57": 0.5496895654677707,
    "frame58": 0.5056285001401557,
    "frame59": 0.5578868910138413,
    "frame60": 0.5170973684079945,
    "frame61": 0.494105734724434,
    "frame62": 0.606200048849007,
    "frame63": 0.6862519695492406,
    "frame64": 0.6549348614769159,
    "frame65": 0.582711518521589,
    "frame66": 0.5491398555097398,
    "frame67": 0.593215862102183,
    "frame68": 0.4875036813755287,
    "frame69": 0.44107510890159135,
    "frame70": 0,
    "frame71": 0.5037246482132468,
    "frame72": 0.5324916077788765,
    "frame73": 0.5911064773291268,
    "frame74": 0.6096248835087169,
    "frame75": 0.6011786301003622,
    "frame76": 0,
    "frame77": 0.6529903767082356,
    "frame78": 0,
    "frame79": 0.6584077309196873,
    "frame80": 0.6018154498469085,
    "frame81": 0.5299398240422001,
    "frame82": 0,
    "frame83": 0.4230211311088618,
    "frame84": 0,
    "frame85": 0,
    "frame86": 0,
    "frame87": 0.5264530853494511,
    "frame88": 0,
    "frame89": 0,
    "frame90": 0.6268912966885181,
    "frame91": 0.6760115723249446,
    "frame92": 0.684701263248135,
    "frame93": 0.686247055475519,
    "frame94": 0.6757130869069988,
    "frame95": 0.6671312836931573,
    "frame96": 0.6500129776079331,
    "frame97": 0.5106753172995562,
    "frame98": 0.5462187379598618,
    "frame99": 0.5705382376412551,
    "frame100": 0.54633724120479,
    "frame101": 0.541919869329386,
    "frame102": 0.5362282179600589,
    "frame103": 0.5418800126443422,
    "frame104": 0.5308458114994897,
    "frame105": 0.5626402249766721,
    "frame106": 0.5570183100303014,
    "frame107": 0.5845131802952914,
    "frame108": 0.5863743132272905,
    "frame109": 0.565153955975245,
    "frame110": 0.5709852102361336,
    "frame111": 0.5535199271479464,
    "frame112": 0.5413731898091589,
    "frame113": 0.5492252455567118,
    "frame114": 0.5589399218973187,
    "frame115": 0.5101559679056576,
    "frame116": 0.5338357084471247,
    "frame117": 0.5597461743651253,
    "frame118": 0.5983212016964375,
    "frame119": 0.5869445118002938,
    "frame120": 0.5807233721652517,
    "frame121": 0.5909024723151253,
    "frame122": 0.5784352547758156,
    "frame123": 0.6464211577038207,
    "frame124": 0.642226490778161,
    "frame125": 0.6107812379466163,
    "frame126": 0.5868825504295739,
    "frame127": 0.5949633737762745,
    "frame128": 0.6107338070726225,
    "frame129": 0.5617671103176215,
    "frame130": 0.6580390451862663,
    "frame131": 0.6327918895180487,
    "frame132": 0.648317096461986,
    "frame133": 0.6465730095388751,
    "frame134": 0.619551311229279,
    "frame135": 0.6907365623594702,
    "frame136": 0.6510853119672495,
    "frame137": 0.6293834163046547,
    "frame138": 0.6296927587154842,
    "frame139": 0.650508505749195,
    "frame140": 0.6503905708236498,
    "frame141": 0.6049609213736481,
    "frame142": 0.6031643963777913,
    "frame143": 0.6055446536286568,
    "frame144": 0.6423593693025157,
    "frame145": 0.6473537627649696,
    "frame146": 0.655969311493925,
    "frame147": 0.6683348013319348,
    "frame148": 0.6672358410162413,
    "frame149": 0.6630631037385248,
    "frame150": 0.663370783339189,
    "frame151": 0.6712076807692359,
    "frame152": 0.6785161321897675,
    "frame153": 0.6445965356996921,
    "frame154": 0.6493735739301151,
    "frame155": 0.6292446191911663,
    "frame156": 0.676689364362276,
    "frame157": 0.5988326752722282,
    "frame158": 0.6438798662302255,
    "frame159": 0.6219358053011624,
    "frame160": 0.6131665780812776,
    "frame161": 0.6543861023785439,
    "frame162": 0.689257069947424,
    "frame163": 0.6385446041093203,
    "frame164": 0.6459560217689345,
    "frame165": 0.6384764356677398,
    "frame166": 0.648450949313279,
    "frame167": 0.6436469851780936,
    "frame168": 0.6143907770270142,
    "frame169": 0.566046732354726,
    "frame170": 0.550868402147691,
    "frame171": 0.5376087262663116,
    "frame172": 0.5542877387992301,
    "frame173": 0.589920240794155,
    "frame174": 0.5871444689703975,
    "frame175": 0.623190100812785,
    "frame176": 0.6887355024984838,
    "frame177": 0.6765333675106695,
    "frame178": 0.6425970950402504,
    "frame179": 0.6950821423844789,
    "frame180": 0.7084902228027747,
    "frame181": 0.6970858415125293,
    "frame182": 0.6485357904813918,
    "frame183": 0.6400892528079032,
    "frame184": 0.6216143141640004,
    "frame185": 0.6520456063971299,
    "frame186": 0.6367088949959915,
    "frame187": 0.6293885187398355,
    "frame188": 0.6159476639725118,
    "frame189": 0.6000021613568943,
    "frame190": 0.5697917868830842,
    "frame191": 0.580746973417686,
    "frame192": 0.5767304757622526,
    "frame193": 0.5726894614728781,
    "frame194": 0.6067538531627438,
    "frame195": 0.574856147977089,
    "frame196": 0.5914674843701243,
    "frame197": 0.5683861678698219,
    "frame198": 0.5916304806363055,
    "frame199": 0.5706727390774492,
    "frame200": 0.61832217831562,
    "frame201": 0.6307659965362208,
    "frame202": 0.659108133184127,
    "frame203": 0.6568802771890663,
    "frame204": 0.6569451138285082,
    "frame205": 0.6685526092577141,
    "frame206": 0.6740938084190791,
    "frame207": 0.6475252504460141,
    "frame208": 0.6749897874423485,
    "frame209": 0.6630733874652968,
    "frame210": 0.6103090838629598,
    "frame211": 0.6131982336965457,
    "frame212": 0.5986461630859855,
    "frame213": 0.6133905690293985,
    "frame214": 0.629539949114485,
    "frame215": 0.6791388451479689,
    "frame216": 0.7317970259357628,
    "frame217": 0.7065237987638182,
    "frame218": 0.6764730162765185,
    "frame219": 0.660832559083525,
    "frame220": 0.6405517593180107,
    "frame221": 0.6479846311297872,
    "frame222": 0.5850378726224649,
    "frame223": 0.5782941785879263,
    "frame224": 0.5856493216124469,
    "frame225": 0.6379696008247802,
    "frame226": 0.6172303257546858,
    "frame227": 0.626574509560846,
    "frame228": 0.6654686349144522,
    "frame229": 0.6557248668380108,
    "frame230": 0.6551597263386001,
    "frame231": 0.6427642176545174,
    "frame232": 0.6524396552276627,
    "frame233": 0.6960568289954988,
    "frame234": 0.6268657335245961,
    "frame235": 0.5873860685910824,
    "frame236": 0.6024889461262601,
    "frame237": 0.5620085469230713,
    "frame238": 0.5628979946028128,
    "frame239": 0.5792703348607493,
    "frame240": 0.5617765356497518,
    "frame241": 0.5897638262695699,
    "frame242": 0.5719725598495475,
    "frame243": 0.6539187685945554,
    "frame244": 0.6851484891931051,
    "frame245": 0.648062974416855,