{
    "frame0": 0,
    "frame2": 0,
    "frame4": 0,
    "frame6": 0.638473319710346,
    "frame8": 0,
    "frame10": 0,
    "frame12": 0,
    "frame14": 0,
    "frame16": 0,
    "frame18": 0,
    "frame20": 0,
    "frame22": 0,
    "frame24": 0.40214010235420794,
    "frame26": 0.27672575635845986,
    "frame28": 0,
    "frame30": 0.33134491885650036,
    "frame32": 0.47438637196465777,
    "frame34": 0,
    "frame36": 0,
    "frame38": 0,
    "frame40": 0,
    "frame42": 0,
    "frame44": 0.391535673132043,
    "frame46": 0,
    "frame48": 0,
    "frame50": 0.6277578433469391,
    "frame52": 0.47028611572586765,
    "frame54": 0,
    "frame56": 0,
    "frame58": 0,
    "frame60": 0.5365334945434006,
    "frame62": 0.5713900026096962,
    "frame64": 0.43983027935028074,
    "frame66": 0.56322283043788,
    "frame68": 0.46061126791549944,
    "frame70": 0.5104793280980084,
    "frame72": 0.6459722921300011,
    "frame74": 0.742545569783531,
    "frame76": 0.7124892230801313,
    "frame78": 0.6371575509436551,
    "frame80": 0.6153110732382902,
    "frame82": 0.5495030934823066,
    "frame84": 0.47199898343804436,
    "frame86": 0.558100455229481,
    "frame88": 0.5925714865295576,
    "frame90": 0.5038746242032781,
    "frame92": 0.5927773515279052,
    "frame94": 0.6316797581020582,
    "frame96": 0.5505677466380076,
    "frame98": 0.4977428754419088,
    "frame100": 0.5523368093715048,
    "frame102": 0.5057755209107677,
    "frame104": 0.5495137999123997,
    "frame106": 0.565917672980413,
    "frame108": 0.5677587046795329,
    "frame110": 0.5620301634882452,
    "frame112": 0.5540169380882136,
    "frame114": 0.5692284111516928,
    "frame116": 0.5781578420338758,
    "frame118": 0.5432597589361798,
    "frame120": 0.5169538006434838,
    "frame122": 0.5835460322874564,
    "frame124": 0.616482526081044,
    "frame126": 0.5397883048747615,
    "frame128": 0.5811771135528883,
    "frame130": 0.6000972123940785,
    "frame132": 0.5776858790619009,
    "frame134": 0,
    "frame136": 0.619503158331476,
    "frame138": 0.5998982399311963,
    "frame140": 0.6252335424559432,
    "frame142": 0.6053089351879541,
    "frame144": 0.6066385512058879,
    "frame146": 0.650126386392316,
    "frame148": 0.6373950534021712,
    "frame150": 0.6365005378792956,
    "frame152": 0.667168313029492,
    "frame154": 0.6414092886248438,
    "frame156": 0.664415104143338,
    "frame158": 0.596242136358531,
    "frame160": 0.6238497362559958,
    "frame162": 0.6719078059360507,
    "frame164": 0.6531263475620429,
    "frame166": 0.6112941673886192,
    "frame168": 0.6136663770632836,
    "frame170": 0.539490697570274,
    "frame172": 0.5468731987361725,
    "frame174": 0.5785221744466711,
    "frame176": 0.6375528819866136,
    "frame178": 0.6287973395950538,
    "frame180": 0.6182079386805516,
    "frame182": 0.6216447390380094,
    "frame184": 0.6185186970176801,
    "frame186": 0.603074072711338,
    "frame188": 0.5671320062285453,
    "frame190": 0.5907056373060526,
    "frame192": 0.6085601069553638,
    "frame194": 0.637850247246235,
    "frame196": 0.6311756401441686,
    "frame198": 0.5852756465996032,
    "frame200": 0.6063674023098938,
    "frame202": 0.671668133970014,
    "frame204": 0.6673196768709045,
    "frame206": 0.6672102870747161,
    "frame208": 0.6437700775454329,
    "frame210": 0.6183739906141261,
    "frame212": 0.606668619236799,
    "frame214": 0.6257925513699203,
    "frame216": 0.726183141655843,
    "frame218": 0.6836862321130901,
    "frame220": 0.6470079153954503,
    "frame222": 0.5833291633484731,
    "frame224": 0.606752847609471,
    "frame226": 0.6170595531549224,
    "frame228": 0.6702210208949223,
    "frame230": 0.6007475508237953,
    "frame232": 0.6527995943764643,
    "frame234": 0.6246640042195553,
    "frame236": 0.5871956918586645,
    "frame238": 0.5602117253751119,
    "frame240": 0.5891155638678491,
    "frame242": 0.5658072633551616,
    "frame244": 0.6675555833398303,
    "frame246": 0.6684729874723325,
    "frame248": 0.6358750326914813,
    "frame250": 0.5757692109416466,
    "frame252": 0.6037916784376657,
    "frame254": 0.6158861838265547,
    "frame256": 0.6569618060802134,
    "frame258": 0.6921850904038817,
    "frame260": 0.7327645176429741,
    "frame262": 0.681105281002271,
    "frame264": 0.652341457775103,
    "frame266": 0.6047094363734807,
    "frame268": 0.5992174218692389,
    "frame270": 0.648091000583551,
    "frame272": 0.6178732028490154,
    "frame274": 0.617920159756917,
    "frame276": 0.6130834007419215,
    "frame278": 0.5837589368843055,
    "frame280": 0.5846461890215346,
    "frame282": 0.5925812952725414,
    "frame284": 0.6197094653554815,
    "frame286": 0.65336104248982,
    "frame288": 0.6770449923529174,
    "frame290": 0.6575392900362212,
    "frame292": 0.6145197719425078,
    "frame294": 0.563581666514251,
    "frame296": 0.6137975778545843,
    "frame298": 0.693152805894258,
    "frame300": 0.6806852390187607,
    "frame302": 0.6634405385303681,
    "frame304": 0.5907061176555287,
    "frame306": 0.5741988559689157,
    "frame308": 0.5891823222461555,
    "frame310": 0.651437539312249,
    "frame312": 0.7016400691007982,
    "frame314": 0.7381095835645087,
    "frame316": 0.694292959079698,
    "frame318": 0.6516302233038491,
    "frame320": 0.5790061790896671,
    "frame322": 0.6249693935684033,
    "frame324": 0.8435271111773417,
    "frame326": 0.7613551682703683,
    "frame328": 0.6567083899230479,
    "frame330": 0.6336290953970259,
    "frame332": 0.6317253652590964,
    "frame334": 0.6057500625972345,
    "frame336": 0.6606707483774128,
    "frame338": 0.7796438813771499,
    "frame340": 0.7072839918883189,
    "frame342": 0.7123216911619342,
    "frame344": 0.7420413511247791,
    "frame346": 0.6188111713693045,
    "frame348": 0.6084081277086317,
    "frame350": 0.7144396864719454,
    "frame352": 0.5520700638439668,
    "frame354": 0.5285855160599612,
    "frame356": 0.5202882556114039,
    "frame358": 0.5039703088212192,
    "frame360": 0.6373016428522824,
    "frame362": 0.6409714283189534,
    "frame364": 0.6595984018039798,
    "frame366": 0.6043447704807338,
    "frame368": 0.6201061058639505,
    "frame370": 0.5358185563815281,
    "frame372": 0.4796919037581887,
    "frame374": 0.21034765162489524,
    "frame376": 0.21903136353726946,
    "Average Iou": 0.5290200524231701
}