{
    "frame0": 0,
    "frame2": 0,
    "frame4": 0,
    "frame6": 0,
    "frame8": 0,
    "frame10": 0,
    "frame12": 0,
    "frame14": 0,
    "frame16": 0,
    "frame18": 0,
    "frame20": 0.43212746155215426,
    "frame22": 0,
    "frame24": 0,
    "frame26": 0,
    "frame28": 0,
    "frame30": 0.17616417641365348,
    "frame32": 0.37384999707341193,
    "frame34": 0,
    "frame36": 0,
    "frame38": 0,
    "frame40": 0,
    "frame42": 0,
    "frame44": 0,
    "frame46": 0,
    "frame48": 0,
    "frame50": 0,
    "frame52": 0,
    "frame54": 0,
    "frame56": 0,
    "frame58": 0,
    "frame60": 0,
    "frame62": 0,
    "frame64": 0,
    "frame66": 0.513466421336506,
    "frame68": 0.44550494028953835,
    "frame70": 0,
    "frame72": 0.6153011741612614,
    "frame74": 0.6957377153281405,
    "frame76": 0.6444183806193005,
    "frame78": 0.7007813030836536,
    "frame80": 0.62110684502887,
    "frame82": 0.5642002740906255,
    "frame84": 0.5250268103123078,
    "frame86": 0.5835492661429776,
    "frame88": 0,
    "frame90": 0.621149309110957,
    "frame92": 0.6501755954165543,
    "frame94": 0.6341972089326604,
    "frame96": 0.6546044412184128,
    "frame98": 0.6090124206197877,
    "frame100": 0.5857848774677843,
    "frame102": 0.5349418636348049,
    "frame104": 0.6028290178337822,
    "frame106": 0.5963736303812928,
    "frame108": 0.5830127737750423,
    "frame110": 0.5391880167711576,
    "frame112": 0,
    "frame114": 0,
    "frame116": 0,
    "frame118": 0.5107423320985758,
    "frame120": 0.5834531784954446,
    "frame122": 0.52264359369874,
    "frame124": 0.6518002614858365,
    "frame126": 0.6268523065919067,
    "frame128": 0.6192565166950226,
    "frame130": 0.6861620125671227,
    "frame132": 0.6585033136872259,
    "frame134": 0.6164601686054509,
    "frame136": 0.6758879905973747,
    "frame138": 0.6508193478251608,
    "frame140": 0.6761493014858362,
    "frame142": 0.6889671452942726,
    "frame144": 0.6245210106836425,
    "frame146": 0.6573316871810695,
    "frame148": 0.5811617470888636,
    "frame150": 0.6235597838614796,
    "frame152": 0.6840785392955299,
    "frame154": 0.6410994861171087,
    "frame156": 0.6701294940382256,
    "frame158": 0.6615014275112834,
    "frame160": 0.6487490592354637,
    "frame162": 0.7145490501890743,
    "frame164": 0.6940824164682452,
    "frame166": 0.6561972182054309,
    "frame168": 0.6100850825542052,
    "frame170": 0.5518809151884078,
    "frame172": 0.5511148519261362,
    "frame174": 0.5643432343401659,
    "frame176": 0.621012939707032,
    "frame178": 0.598607558139469,
    "frame180": 0.6624845527148325,
    "frame182": 0.6221773008098365,
    "frame184": 0.5863316139877892,
    "frame186": 0.6052814566105806,
    "frame188": 0.590146490369352,
    "frame190": 0.5766330411355334,
    "frame192": 0.5840090012373716,
    "frame194": 0.6124625379549733,
    "frame196": 0.6203793301999755,
    "frame198": 0.5974572427435643,
    "frame200": 0.5985427433207082,
    "frame202": 0.6476722839311517,
    "frame204": 0.6562087153563804,
    "frame206": 0.6400627408858958,
    "frame208": 0.6310467629806401,
    "frame210": 0.6006183898836776,
    "frame212": 0.5756824502148405,
    "frame214": 0.618593223156746,
    "frame216": 0.7463744576911465,
    "frame218": 0.6778280585883578,
    "frame220": 0.6451488699875464,
    "frame222": 0.5820476004148031,
    "frame224": 0.5869987090447443,
    "frame226": 0.5898227157547727,
    "frame228": 0.5671031500229332,
    "frame230": 0.575826513384005,
    "frame232": 0.682595617047378,
    "frame234": 0.6197668327827484,
    "frame236": 0.5687004156763954,
    "frame238": 0.5400622158866176,
    "frame240": 0.5762877394558639,
    "frame242": 0.601982223205862,
    "frame244": 0.6776891818695031,
    "frame246": 0.664348579467679,
    "frame248": 0.6254822470320768,
    "frame250": 0.6059806480370892,
    "frame252": 0.5921639416645244,
    "frame254": 0.6340747184755134,
    "frame256": 0.6580859335652401,
    "frame258": 0.6088581905291385,
    "frame260": 0.6702328542038801,
    "frame262": 0.6843609365462437,
    "frame264": 0.6647426446915811,
    "frame266": 0.6146708002835901,
    "frame268": 0.5821798191718447,
    "frame270": 0.6409982914024821,
    "frame272": 0.61230033627466,
    "frame274": 0.6139559120161229,
    "frame276": 0.6021230079391199,
    "frame278": 0.597046386594642,
    "frame280": 0.5812795938060765,
    "frame282": 0.6161562823160197,
    "frame284": 0.6091011944372949,
    "frame286": 0.6491556499971484,
    "frame288": 0.6719006448710573,
    "frame290": 0.6541930410369912,
    "frame292": 0.6159068494422721,
    "frame294": 0.5699536132186258,
    "frame296": 0.6101641762207293,
    "frame298": 0.6871017611413487,
    "frame300": 0.6621754280200075,
    "frame302": 0.6706196362410084,
    "frame304": 0.5953164326051441,
    "frame306": 0.578539733681366,
    "frame308": 0.5926607170977437,
    "frame310": 0.6376148132800208,
    "frame312": 0.7010202115895037,
    "frame314": 0.74557611295214,
    "frame316": 0.6956237550919263,
    "frame318": 0.6501961462025043,
    "frame320": 0.5751360116057476,
    "frame322": 0.632070101621349,
    "frame324": 0.8591212021539998,
    "frame326": 0.7640038996172082,
    "frame328": 0.6611269233116107,
    "frame330": 0.6486984692634833,
    "frame332": 0.6297508567219325,
    "frame334": 0.6101659809272993,
    "frame336": 0.656540823506004,
    "frame338": 0.7710996200326601,
    "frame340": 0.7132293868537208,
    "frame342": 0.7066399693895947,
    "frame344": 0.7445522027843015,
    "frame346": 0.6186556192899004,
    "frame348": 0.6072769841769154,
    "frame350": 0.7092980643939222,
    "frame352": 0.5534597436066976,
    "frame354": 0.5344770508946373,
    "frame356": 0.5241160181503962,
    "frame358": 0.5049660160495694,
    "frame360": 0.6351660647692718,
    "frame362": 0.6381468794558347,
    "frame364": 0.6696349028307494,
    "frame366": 0.6080804757753474,
    "frame368": 0.6187803586045214,
    "frame370": 0.5352864890111075,
    "frame372": 0.4780483927640878,
    "frame374": 0.20806485127095903,
    "frame376": 0.221575524110915,
    "Average Iou": 0.4994246613431117
}