{
    "frame0": 0,
    "frame3": 0,
    "frame6": 0,
    "frame9": 0,
    "frame12": 0,
    "frame15": 0,
    "frame18": 0,
    "frame21": 0,
    "frame24": 0,
    "frame27": 0,
    "frame30": 0,
    "frame33": 0,
    "frame36": 0,
    "frame39": 0,
    "frame42": 0,
    "frame45": 0,
    "frame48": 0,
    "frame51": 0.3508680466147457,
    "frame54": 0.2553185666559123,
    "frame57": 0,
    "frame60": 0,
    "frame63": 0,
    "frame66": 0,
    "frame69": 0,
    "frame72": 0,
    "frame75": 0,
    "frame78": 0,
    "frame81": 0,
    "frame84": 0,
    "frame87": 0,
    "frame90": 0,
    "frame93": 0,
    "frame96": 0,
    "frame99": 0,
    "frame102": 0,
    "frame105": 0.5125265086359156,
    "frame108": 0,
    "frame111": 0,
    "frame114": 0.532004157702128,
    "frame117": 0,
    "frame120": 0.6723849764823178,
    "frame123": 0.6911381846282086,
    "frame126": 0.5968496751283174,
    "frame129": 0.5771615951839616,
    "frame132": 0.5597741879889784,
    "frame135": 0.627074214498936,
    "frame138": 0.613500827749752,
    "frame141": 0.5899320369530531,
    "frame144": 0.6280865673265188,
    "frame147": 0.6620532967055501,
    "frame150": 0.6539914171761481,
    "frame153": 0.6300969845277814,
    "frame156": 0.585572905100223,
    "frame159": 0.6277557186529624,
    "frame162": 0.6507211909842545,
    "frame165": 0.6447973907619481,
    "frame168": 0.5898456432077349,
    "frame171": 0.5391481249265511,
    "frame174": 0.6143249417106571,
    "frame177": 0.513009258134306,
    "frame180": 0.5409128720648895,
    "frame183": 0.6313703989955278,
    "frame186": 0.5709314329540309,
    "frame189": 0.5764228043019575,
    "frame192": 0.5905619156765212,
    "frame195": 0.620729105717465,
    "frame198": 0.5748604651188706,
    "frame201": 0.6776719422917148,
    "frame204": 0.6549952121089528,
    "frame207": 0.6309080373310072,
    "frame210": 0.6188517315277587,
    "frame213": 0.6193128918603568,
    "frame216": 0.6945203500679937,
    "frame219": 0.6535888619302789,
    "frame222": 0.5890786889241465,
    "frame225": 0.6040530186394766,
    "frame228": 0.652929901793284,
    "frame231": 0.6637853344428271,
    "frame234": 0.5846334969479762,
    "frame237": 0.5566913188128688,
    "frame240": 0.5527353259295911,
    "frame243": 0.6434260568346809,
    "frame246": 0.6442482357677902,
    "frame249": 0.6123931846784555,
    "frame252": 0.6238414813394596,
    "frame255": 0.6491628702301876,
    "frame258": 0.7213743604984754,
    "frame261": 0.6821417958377217,
    "frame264": 0.642994606013716,
    "frame267": 0.6074779817215434,
    "frame270": 0.6461973306402736,
    "frame273": 0.6280739383929349,
    "frame276": 0.6312910647453164,
    "frame279": 0.6155086798821304,
    "frame282": 0.6398464866626334,
    "frame285": 0.6453120065567306,
    "frame288": 0.6989242252996822,
    "frame291": 0.6200593614084409,
    "frame294": 0.5574956241866729,
    "frame297": 0.6843482349304518,
    "frame300": 0.6732710608075232,
    "frame303": 0.6191200441019135,
    "frame306": 0.5756805397204532,
    "frame309": 0.6214725704892557,
    "frame312": 0.7108410366881761,
    "frame315": 0.7058533320758779,
    "frame318": 0.622275769758943,
    "frame321": 0.6206673348874074,
    "frame324": 0.7796828791302255,
    "frame327": 0.7248981710495388,
    "frame330": 0.6789459975240525,
    "frame333": 0.6217207630822208,
    "frame336": 0.7157452591159583,
    "frame339": 0.6851191223919609,
    "frame342": 0.6618338169978621,
    "frame345": 0.636362946564912,
    "frame348": 0.6939597158633461,
    "frame351": 0.5299920781021782,
    "frame354": 0.5637533337723633,
    "frame357": 0.5815473538626917,
    "frame360": 0.6170882885103737,
    "frame363": 0.720425805430541,
    "frame366": 0.5763504679539758,
    "frame369": 0.6333159621804931,
    "frame372": 0.3550175342313776,
    "frame375": 0.21059363332814604,
    "Average Iou": 0.43735820530256697
}