{
    "frame0": 0.7818978864155898,
    "frame3": 0.6573789062456032,
    "frame6": 0.8345839151149412,
    "frame9": 0,
    "frame12": 0,
    "frame15": 0,
    "frame18": 0.7316510783502684,
    "frame21": 0.6141245583667301,
    "frame24": 0,
    "frame27": 0,
    "frame30": 0.4403103436698126,
    "frame33": 0.646646189971647,
    "frame36": 0.6237231258265253,
    "frame39": 0,
    "frame42": 0.5395840521104209,
    "frame45": 0.5599629688853887,
    "frame48": 0.8912531947571898,
    "frame51": 0.6401541954535362,
    "frame54": 0,
    "frame57": 0,
    "frame60": 0.34506707011722026,
    "frame63": 0,
    "frame66": 0,
    "frame69": 0,
    "frame72": 0,
    "frame75": 0,
    "frame78": 0,
    "frame81": 0,
    "frame84": 0,
    "frame87": 0,
    "frame90": 0,
    "frame93": 0,
    "frame96": 0,
    "frame99": 0,
    "frame102": 0,
    "frame105": 0.5047298635542393,
    "frame108": 0.5083546350967132,
    "frame111": 0.5537482417859348,
    "frame114": 0.5735896642612569,
    "frame117": 0.5169433922027492,
    "frame120": 0.5275233092503967,
    "frame123": 0.6446993712157287,
    "frame126": 0.5846180662007506,
    "frame129": 0.5878318507798256,
    "frame132": 0,
    "frame135": 0.640762719550384,
    "frame138": 0.6591519760965976,
    "frame141": 0.5932728218092502,
    "frame144": 0.6593370672822815,
    "frame147": 0.6582265901915899,
    "frame150": 0.6645619236919216,
    "frame153": 0.636646673314354,
    "frame156": 0.6289552665890376,
    "frame159": 0.6329007713903378,
    "frame162": 0.6678697984859631,
    "frame165": 0.6269141563211172,
    "frame168": 0.5880290044325,
    "frame171": 0.5071502817035826,
    "frame174": 0.6599578747682197,
    "frame177": 0.5819155063387776,
    "frame180": 0.5952615257389535,
    "frame183": 0.6567764240600956,
    "frame186": 0.5817609437604346,
    "frame189": 0.59894253444981,
    "frame192": 0.5941703388399382,
    "frame195": 0.6388074780722687,
    "frame198": 0.5709961259554073,
    "frame201": 0.6573447833741645,
    "frame204": 0.665003345384291,
    "frame207": 0.6474186528223728,
    "frame210": 0.5759148073559529,
    "frame213": 0.6036748932904417,
    "frame216": 0.6838677163024797,
    "frame219": 0.6463893599786641,
    "frame222": 0.6094559168142317,
    "frame225": 0.5991275977043333,
    "frame228": 0.6271890975303197,
    "frame231": 0.6740822283148816,
    "frame234": 0.5847290906287186,
    "frame237": 0.526612931771346,
    "frame240": 0.5344883956518238,
    "frame243": 0.6083475475308613,
    "frame246": 0.6334196207312224,
    "frame249": 0.597625585965957,
    "frame252": 0.6206708798641585,
    "frame255": 0.6291050333459128,
    "frame258": 0.6630542901798874,
    "frame261": 0.6822993816789744,
    "frame264": 0.654733742665902,
    "frame267": 0.5953399710362265,
    "frame270": 0.6430268176428626,
    "frame273": 0.6178754065887495,
    "frame276": 0.6246289343920682,
    "frame279": 0.6092111907949227,
    "frame282": 0.6516536385076632,
    "frame285": 0.6488065666943484,
    "frame288": 0.6993740586244533,
    "frame291": 0.6197862084539878,
    "frame294": 0.5629878404204942,
    "frame297": 0.69104849618643,
    "frame300": 0.6771923164721767,
    "frame303": 0.6174362528265182,
    "frame306": 0.5794150482756971,
    "frame309": 0.6288349100651848,
    "frame312": 0.7000443164521406,
    "frame315": 0.6939123973658055,
    "frame318": 0.6199397840217704,
    "frame321": 0.6254627632477309,
    "frame324": 0.7848312698640906,
    "frame327": 0.7284755013213965,
    "frame330": 0.6696442196555071,
    "frame333": 0.6099033872100018,
    "frame336": 0.7164422508194098,
    "frame339": 0.6907562908606958,
    "frame342": 0.6582620588054404,
    "frame345": 0.6384392085944588,
    "frame348": 0.6897695484943926,
    "frame351": 0.5287471550255795,
    "frame354": 0.558010394489507,
    "frame357": 0.5897773786795839,
    "frame360": 0.6125868615366773,
    "frame363": 0.6956992609810005,
    "frame366": 0.5823387340272664,
    "frame369": 0.6332275943423505,
    "frame372": 0.35415389827635013,
    "frame375": 0.21252758273676223,
    "Average Iou": 0.5058322864694597
}